<?xml version="1.0" encoding="UTF-8"?>

<!DOCTYPE hibernate-mapping PUBLIC
"-//Hibernate/Hibernate Mapping DTD 3.0//EN"
"http://hibernate.sourceforge.net/hibernate-mapping-3.0.dtd">

<hibernate-mapping>

	<class name="com.cms.deloitte.model.Product" table="hr.Product420">
	
		<id name="productId"  column="ProdId">
			<generator class="assigned"/>
		</id>

		<property name="productName" column="ProdName" />
		<property name="qoh" column="QOH" />
		<property name="price"  />
	

	</class>
</hibernate-mapping>